model,task,accuracy,precision,recall,f1,auroc,tpr_1_fpr,tpr_5_fpr,tpr_10_fpr,total_samples,errors,payment_errors
Llama-4-Scout-17B,task4_sampling_20_80,0.31566666666666665,0.6841670889846223,0.31566666666666665,0.3113502675118977,0.5029166666666667,0.010315315315315316,0.05157657657657658,0.10315315315315315,3000,0,0
