model,task,accuracy,precision,recall,f1,auroc,tpr_1_fpr,tpr_5_fpr,tpr_10_fpr,total_samples,errors,payment_errors
Llama-4-Scout-17B,task3_sampling_20_80,0.3413333333333333,0.7157332610463539,0.3413333333333333,0.34393884172629896,0.5270833333333333,0.013316326530612247,0.06658163265306123,0.13316326530612246,3000,0,0
