model,task,accuracy,precision,recall,f1,auroc,tpr_1_fpr,tpr_5_fpr,tpr_10_fpr,total_samples,errors,payment_errors
Llama-4-Scout-17B,task5_sentence_pair,0.476,0.4759658898470532,0.476,0.47547457431077406,0.47606323758628366,0.009138276553106211,0.04569138276553106,0.09138276553106212,3000,0,0
