model,task,accuracy,precision,recall,f1,auroc,tpr_1_fpr,tpr_5_fpr,tpr_10_fpr,total_samples,errors,payment_errors
Llama-4-Scout-17B,task5_sampling_20_80,0.4686666666666667,0.7044922175990138,0.4686666666666667,0.514428752519922,0.5335416666666666,0.011872093023255814,0.05936046511627907,0.11872093023255814,3000,0,0
