model,task,accuracy,precision,recall,f1,auroc,tpr_1_fpr,tpr_5_fpr,tpr_10_fpr,total_samples,errors,payment_errors
Llama-4-Scout-17B,task1_sampling_70_30,0.5,0.5818737987842496,0.5,0.520782052638656,0.5022222222222222,0.010088300220750553,0.05044150110375276,0.10088300220750553,3000,0,0
