model,task,accuracy,precision,recall,f1,auroc,tpr_1_fpr,tpr_5_fpr,tpr_10_fpr,total_samples,errors,payment_errors
Llama-4-Scout-17B,task2_sampling_70_30,0.43533333333333335,0.5474506307377319,0.43533333333333335,0.45377859874262755,0.46492063492063485,0.008848058378941882,0.044240291894709405,0.08848058378941881,3000,0,0
