model,task,accuracy,precision,recall,f1,auroc,tpr_1_fpr,tpr_5_fpr,tpr_10_fpr,total_samples,errors,payment_errors
Llama-4-Scout-17B,task3_sampling_70_30,0.6613333333333333,0.6177377484619213,0.6613333333333333,0.6284041711899558,0.5342857142857144,0.014630225080385854,0.07315112540192928,0.14630225080385856,3000,0,0
