model,task,accuracy,precision,recall,f1,auroc,tpr_1_fpr,tpr_5_fpr,tpr_10_fpr,total_samples,errors,payment_errors
Llama-4-Scout-17B,task1_sampling_50_50,0.48633333333333334,0.4863295359822173,0.48633333333333334,0.4862976595596917,0.48633333333333334,0.00945910290237467,0.04729551451187335,0.0945910290237467,3000,0,0
