model,task,accuracy,precision,recall,f1,auroc,tpr_1_fpr,tpr_5_fpr,tpr_10_fpr,total_samples,errors,payment_errors
Llama-4-Scout-17B,task5_sampling_70_30,0.5906666666666667,0.5960700203648338,0.5906666666666667,0.5932659932659933,0.5193650793650794,0.011280839895013122,0.056404199475065614,0.11280839895013123,3000,0,0
