model,task,accuracy,precision,recall,f1,auroc,tpr_1_fpr,tpr_5_fpr,tpr_10_fpr,total_samples,errors,payment_errors
Llama-4-Scout-17B,task5_sampling_50_50,0.5063333333333333,0.5066742261059193,0.5063333333333333,0.4999481715356724,0.5063333333333333,0.010332749562171627,0.05166374781085815,0.1033274956217163,3000,0,0
