model,task,accuracy,precision,recall,f1,auroc,tpr_1_fpr,tpr_5_fpr,tpr_10_fpr,total_samples,errors,payment_errors
Llama-4-Scout-17B,task2_sampling_20_80,0.5523333333333333,0.6673534728156233,0.5523333333333333,0.5942275639479739,0.4783333333333333,0.009328165374677002,0.04664082687338501,0.09328165374677003,3000,0,0
