model,task,accuracy,precision,recall,f1,auroc,tpr_1_fpr,tpr_5_fpr,tpr_10_fpr,total_samples,errors,payment_errors
Kimi-K2-Instruct,task2_sentence_pair,0.42833333333333334,0.428521644150618,0.42833333333333334,0.42361332039454436,0.4308457830939457,0.007115111638082197,0.035575558190410986,0.07115111638082197,3000,0,0
