model,task,accuracy,precision,recall,f1,auroc,tpr_1_fpr,tpr_5_fpr,tpr_10_fpr,total_samples,errors,payment_errors
Kimi-K2-Instruct,task4_sentence_pair,0.48633333333333334,0.4858664650491184,0.48633333333333334,0.47920732625335255,0.4866452383661395,0.009576253976849658,0.04788126988424829,0.09576253976849658,3000,0,0
