model,task,accuracy,precision,recall,f1,auroc,tpr_1_fpr,tpr_5_fpr,tpr_10_fpr,total_samples,errors,payment_errors
Kimi-K2-Instruct,task3_sentence_pair,0.5156666666666667,0.5165509639802193,0.5156666666666667,0.5148667714743492,0.5163042777613047,0.010620785375761678,0.05310392687880839,0.10620785375761678,3000,0,0
