model,task,accuracy,precision,recall,f1,auroc,tpr_1_fpr,tpr_5_fpr,tpr_10_fpr,total_samples,errors,payment_errors
Kimi-K2-Instruct,task1_sampling_70_30,0.6913333333333334,0.6306080177027583,0.6913333333333334,0.6199101416189106,0.5252380952380953,0.01848,0.09240000000000001,0.11,3000,0,0
