model,task,accuracy,precision,recall,f1,auroc,tpr_1_fpr,tpr_5_fpr,tpr_10_fpr,total_samples,errors,payment_errors
Kimi-K2-Instruct,task4_sampling_50_50,0.5033333333333333,0.5149308403475104,0.5033333333333333,0.38364516935003934,0.5033333333333333,0.01119047619047619,0.055952380952380955,0.06266666666666666,3000,0,0
