model,task,accuracy,precision,recall,f1,auroc,tpr_1_fpr,tpr_5_fpr,tpr_10_fpr,total_samples,errors,payment_errors
Kimi-K2-Instruct,task1_sentence_pair,0.6913333333333334,0.6938240322146021,0.6913333333333334,0.6902311569685549,0.691136568184091,0.020390878888553312,0.10195439444276655,0.2039087888855331,3000,0,0
