model,task,accuracy,precision,recall,f1,auroc,tpr_1_fpr,tpr_5_fpr,tpr_10_fpr,total_samples,errors,payment_errors
Kimi-K2-Instruct,task5_sampling_50_50,0.573,0.6830224273509605,0.573,0.4974783034982597,0.5730000000000001,0.04711864406779662,0.18533333333333332,0.18533333333333332,3000,0,0
