model,task,accuracy,precision,recall,f1,auroc,tpr_1_fpr,tpr_5_fpr,tpr_10_fpr,total_samples,errors,payment_errors
Kimi-K2-Instruct,task2_sampling_50_50,0.5403333333333333,0.5559787459650581,0.5403333333333333,0.5058027265306766,0.5403333333333333,0.014129692832764506,0.07064846416382255,0.1412969283276451,3000,0,0
