model,task,accuracy,precision,recall,f1,auroc,tpr_1_fpr,tpr_5_fpr,tpr_10_fpr,total_samples,errors,payment_errors
Kimi-K2-Instruct,task3_sampling_20_80,0.27666666666666667,0.7684780736774537,0.27666666666666667,0.22192016160243155,0.5316666666666667,0.024615384615384615,0.10666666666666667,0.10666666666666667,3000,0,0
