model,task,accuracy,precision,recall,f1,auroc,tpr_1_fpr,tpr_5_fpr,tpr_10_fpr,total_samples,errors,payment_errors
Kimi-K2-Instruct,task5_sentence_pair,0.44133333333333336,0.41904198193844905,0.44133333333333336,0.40091874423912044,0.44081376325505306,0.006046359385437542,0.030231796927187714,0.06046359385437543,3000,0,0
