model,task,accuracy,precision,recall,f1,auroc,tpr_1_fpr,tpr_5_fpr,tpr_10_fpr,total_samples,errors,payment_errors
Kimi-K2-Instruct,task1_sampling_20_80,0.26066666666666666,0.6613973272966263,0.26066666666666666,0.21398554517491342,0.4922916666666666,0.008732876712328766,0.04366438356164383,0.08732876712328766,3000,0,0
