model,task,accuracy,precision,recall,f1,auroc,tpr_1_fpr,tpr_5_fpr,tpr_10_fpr,total_samples,errors,payment_errors
Kimi-K2-Instruct,task2_sampling_20_80,0.36966666666666664,0.6913998687311975,0.36966666666666664,0.39346130510570454,0.5110416666666666,0.010871710526315788,0.054358552631578946,0.10871710526315789,3000,0,0
