model,task,accuracy,precision,recall,f1,auroc,tpr_1_fpr,tpr_5_fpr,tpr_10_fpr,total_samples,errors,payment_errors
Mistral-Nemo,task3_sampling_20_80,0.23366666666666666,0.6879655559423999,0.23366666666666666,0.1486239746460195,0.5016666666666666,0.01064516129032258,0.05322580645161291,0.055,3000,0,0
