model,task,accuracy,precision,recall,f1,auroc,tpr_1_fpr,tpr_5_fpr,tpr_10_fpr,total_samples,errors,payment_errors
Mistral-Nemo,task2_sentence_pair,0.49166666666666664,0.5175758653007142,0.49166666666666664,0.37311467076097565,0.5039244100708288,0.011346303501945525,0.05673151750972763,0.06614785992217899,3000,0,0
