model,task,accuracy,precision,recall,f1,auroc,tpr_1_fpr,tpr_5_fpr,tpr_10_fpr,total_samples,errors,payment_errors
Mistral-Nemo,task1_sampling_50_50,0.4886666666666667,0.48173645489548955,0.4886666666666667,0.4350756866003193,0.48866666666666664,0.008885245901639345,0.04442622950819672,0.08885245901639344,3000,0,0
