model,task,accuracy,precision,recall,f1,auroc,tpr_1_fpr,tpr_5_fpr,tpr_10_fpr,total_samples,errors,payment_errors
Mistral-Nemo,task4_sampling_20_80,0.29333333333333333,0.6892810457516341,0.29333333333333333,0.27030910609857983,0.5052083333333334,0.010735294117647058,0.05367647058823529,0.10735294117647058,3000,0,0
