model,task,accuracy,precision,recall,f1,auroc,tpr_1_fpr,tpr_5_fpr,tpr_10_fpr,total_samples,errors,payment_errors
Mistral-Nemo,task2_sampling_20_80,0.31766666666666665,0.6282236338243907,0.31766666666666665,0.33474252027021384,0.4541666666666666,0.007120418848167539,0.0356020942408377,0.0712041884816754,3000,0,0
