model,task,accuracy,precision,recall,f1,auroc,tpr_1_fpr,tpr_5_fpr,tpr_10_fpr,total_samples,errors,payment_errors
Mistral-Nemo,task4_sentence_pair,0.5026666666666667,0.5025302118171684,0.5026666666666667,0.48334618416903186,0.50215112640801,0.010141279219111225,0.050706396095556126,0.10141279219111225,3000,0,0
