model,task,accuracy,precision,recall,f1,auroc,tpr_1_fpr,tpr_5_fpr,tpr_10_fpr,total_samples,errors,payment_errors
Mistral-Nemo,task1_sentence_pair,0.5086666666666667,0.5430034125195989,0.5086666666666667,0.3928988444594576,0.5101234458160645,0.01383153202405484,0.0691576601202742,0.07308970099667775,3000,0,0
