model,task,accuracy,precision,recall,f1,auroc,tpr_1_fpr,tpr_5_fpr,tpr_10_fpr,total_samples,errors,payment_errors
Mistral-Nemo,task3_sentence_pair,0.5056666666666667,0.5019616966791196,0.5056666666666667,0.46054105980676385,0.5012407361553005,0.010118102572782667,0.050590512863913334,0.10118102572782667,3000,0,0
