model,task,accuracy,precision,recall,f1,auroc,tpr_1_fpr,tpr_5_fpr,tpr_10_fpr,total_samples,errors,payment_errors
Mistral-Nemo,task1_sampling_70_30,0.6286666666666667,0.5893926799163707,0.6286666666666667,0.6032470761875731,0.5093650793650794,0.010973597359735975,0.05486798679867987,0.10973597359735975,3000,0,0
