model,task,accuracy,precision,recall,f1,auroc,tpr_1_fpr,tpr_5_fpr,tpr_10_fpr,total_samples,errors,payment_errors
Mistral-Nemo,task3_sampling_70_30,0.6876666666666666,0.5842530788756228,0.6876666666666666,0.5874648493724678,0.501031746031746,0.010637254901960784,0.034444444444444444,0.034444444444444444,3000,0,0
