model,task,accuracy,precision,recall,f1,auroc,tpr_1_fpr,tpr_5_fpr,tpr_10_fpr,total_samples,errors,payment_errors
Mistral-Nemo,task1_sampling_20_80,0.31666666666666665,0.6805829133730696,0.31666666666666665,0.31418197721784646,0.5004166666666666,0.010043103448275862,0.050215517241379314,0.10043103448275863,3000,0,0
