model,task,accuracy,precision,recall,f1,auroc,tpr_1_fpr,tpr_5_fpr,tpr_10_fpr,total_samples,errors,payment_errors
Mistral-Nemo,task4_sampling_70_30,0.6296666666666667,0.5792294076826112,0.6296666666666667,0.5958617371129533,0.4992857142857143,0.009918256130790191,0.04959128065395096,0.09918256130790191,3000,0,0
