model,task,accuracy,precision,recall,f1,auroc,tpr_1_fpr,tpr_5_fpr,tpr_10_fpr,total_samples,errors,payment_errors
Mistral-Nemo,task5_sentence_pair,0.5183333333333333,0.5265453101554769,0.5183333333333333,0.474741632559684,0.5177574043629508,0.011828039640925688,0.05914019820462843,0.11828039640925686,3000,0,0
