text_type,comparison,cosine_distance,euclidean_distance,manhattan_distance,num_samples
type1,1-2,0.047597800156109316,0.29091673311530797,7.354985547059894,100
type1,1-3,0.05383558281245776,0.29600485848957037,7.488659752800409,100
type1,1-4,0.07152216454769608,0.3563358101599297,9.01042950085671,100
type1,1-5,0.07442962309418089,0.35418732885031906,8.964158661908636,100
type2,1-2,0.046671636261617494,0.2886961828453356,7.307686996246581,100
type2,1-3,0.04951044832271368,0.2890308345815526,7.328746686999026,100
type2,1-4,0.06809404297467689,0.3498825127449501,8.865106994993418,100
type2,1-5,0.06827336383683347,0.34733062070709436,8.804333712021457,100
