text_type,comparison,cosine_distance,euclidean_distance,manhattan_distance,num_samples
type1,1-2,0.011810302734375,19.78125,595.0,100
type1,1-3,0.01122283935546875,18.890625,566.5,100
type1,1-4,0.0216827392578125,22.953125,677.5,100
type1,1-5,0.01416778564453125,21.390625,643.5,100
type2,1-2,0.0105133056640625,19.390625,574.0,100
type2,1-3,0.01145172119140625,18.921875,562.0,100
type2,1-4,0.013916015625,22.46875,670.0,100
type2,1-5,0.01357269287109375,22.015625,654.5,100
