{
  "task_name": "task1: Paraphrase Source Attribution without Context",
  "task_description": "Paraphrase Source Attribution without Context",
  "task_file": "../../../tasks/single-sentence/exhaustive_method/task1/task1_paraphrase_source_without_context.json",
  "total_samples": 32466,
  "evaluation_time_seconds": 444.8799810409546,
  "samples_per_second": 72.97698566708772,
  "detector_threshold": 0.9015310749276843,
  "detector_mode": "accuracy",
  "label_distribution": {
    "human_count": 16233,
    "ai_count": 16233,
    "human_percentage": 50.0,
    "ai_percentage": 50.0
  },
  "accuracy": 0.48395244255528863,
  "precision_human": 0.49058649224876233,
  "precision_ai": 0.4456499061130816,
  "recall_human": 0.8363210743547096,
  "recall_ai": 0.13158381075586767,
  "f1_human": 0.6184120621327381,
  "f1_ai": 0.2031770189289451,
  "macro_precision": 0.46811819918092196,
  "macro_recall": 0.48395244255528863,
  "macro_f1": 0.41079454053084163,
  "roc_auc": 0.43870250356713775,
  "tpr_at_1_fpr": 0.010657303024702766,
  "tpr_at_5_fpr": 0.04577096038933038,
  "tpr_at_10_fpr": 0.07959095669315591,
  "confusion_matrix": [
    [
      13576,
      2657
    ],
    [
      14097,
      2136
    ]
  ],
  "classification_report": {
    "Human": {
      "precision": 0.49058649224876233,
      "recall": 0.8363210743547096,
      "f1-score": 0.6184120621327381,
      "support": 16233.0
    },
    "AI": {
      "precision": 0.4456499061130816,
      "recall": 0.13158381075586767,
      "f1-score": 0.2031770189289451,
      "support": 16233.0
    },
    "accuracy": 0.48395244255528863,
    "macro avg": {
      "precision": 0.46811819918092196,
      "recall": 0.48395244255528863,
      "f1-score": 0.41079454053084163,
      "support": 32466.0
    },
    "weighted avg": {
      "precision": 0.46811819918092196,
      "recall": 0.48395244255528863,
      "f1-score": 0.41079454053084163,
      "support": 32466.0
    }
  },
  "task_id": "task1",
  "model_size": "large",
  "method": "exhaustive_method",
  "ratio": null,
  "challenge_type": "single-sentence"
}