{
  "task_name": "task4: Iterative Paraphrase Depth Detection",
  "task_description": "Iterative Paraphrase Depth Detection",
  "task_file": "../../../tasks/single-sentence/exhaustive_method/task4/task4_iterative_paraphrase_depth_detection.json",
  "total_samples": 32466,
  "evaluation_time_seconds": 613.708792924881,
  "samples_per_second": 52.90131145957672,
  "detector_threshold": 0.9015310749276843,
  "detector_mode": "accuracy",
  "label_distribution": {
    "human_count": 16233,
    "ai_count": 16233,
    "human_percentage": 50.0,
    "ai_percentage": 50.0
  },
  "accuracy": 0.49682745025565206,
  "precision_human": 0.4981717490858745,
  "precision_ai": 0.4880148941121713,
  "recall_human": 0.8644736031540688,
  "recall_ai": 0.12918129735723527,
  "f1_human": 0.6320886446556462,
  "f1_ai": 0.20428641013151486,
  "macro_precision": 0.4930933215990229,
  "macro_recall": 0.49682745025565206,
  "macro_f1": 0.4181875273935805,
  "roc_auc": 0.48607099170992896,
  "tpr_at_1_fpr": 0.011766155362533112,
  "tpr_at_5_fpr": 0.04983675229470831,
  "tpr_at_10_fpr": 0.09751740282141318,
  "confusion_matrix": [
    [
      14033,
      2200
    ],
    [
      14136,
      2097
    ]
  ],
  "classification_report": {
    "Human": {
      "precision": 0.4981717490858745,
      "recall": 0.8644736031540688,
      "f1-score": 0.6320886446556462,
      "support": 16233.0
    },
    "AI": {
      "precision": 0.4880148941121713,
      "recall": 0.12918129735723527,
      "f1-score": 0.20428641013151486,
      "support": 16233.0
    },
    "accuracy": 0.49682745025565206,
    "macro avg": {
      "precision": 0.4930933215990229,
      "recall": 0.49682745025565206,
      "f1-score": 0.4181875273935805,
      "support": 32466.0
    },
    "weighted avg": {
      "precision": 0.4930933215990229,
      "recall": 0.49682745025565206,
      "f1-score": 0.41818752739358056,
      "support": 32466.0
    }
  },
  "task_id": "task4",
  "model_size": "large",
  "method": "exhaustive_method",
  "ratio": null,
  "challenge_type": "single-sentence"
}