{
  "task_name": "task3: AI Text Laundering Detection",
  "task_description": "AI Text Laundering Detection",
  "task_file": "../../../tasks/single-sentence/exhaustive_method/task3/task3_ai_text_laundering_detection.json",
  "total_samples": 32466,
  "evaluation_time_seconds": 594.9586954116821,
  "samples_per_second": 54.56849399862141,
  "detector_threshold": 0.9015310749276843,
  "detector_mode": "accuracy",
  "label_distribution": {
    "human_count": 16233,
    "ai_count": 16233,
    "human_percentage": 50.0,
    "ai_percentage": 50.0
  },
  "accuracy": 0.5017556828682314,
  "precision_human": 0.5010129011621708,
  "precision_ai": 0.5065835065835066,
  "recall_human": 0.8684161892441323,
  "recall_ai": 0.13509517649233044,
  "f1_human": 0.6354293441514537,
  "f1_ai": 0.21330609862853808,
  "macro_precision": 0.5037982038728387,
  "macro_recall": 0.5017556828682314,
  "macro_f1": 0.4243677213899959,
  "roc_auc": 0.5003224940487997,
  "tpr_at_1_fpr": 0.007700363457155177,
  "tpr_at_5_fpr": 0.049651943571736586,
  "tpr_at_10_fpr": 0.10115197437319041,
  "confusion_matrix": [
    [
      14097,
      2136
    ],
    [
      14040,
      2193
    ]
  ],
  "classification_report": {
    "Human": {
      "precision": 0.5010129011621708,
      "recall": 0.8684161892441323,
      "f1-score": 0.6354293441514537,
      "support": 16233.0
    },
    "AI": {
      "precision": 0.5065835065835066,
      "recall": 0.13509517649233044,
      "f1-score": 0.21330609862853808,
      "support": 16233.0
    },
    "accuracy": 0.5017556828682314,
    "macro avg": {
      "precision": 0.5037982038728387,
      "recall": 0.5017556828682314,
      "f1-score": 0.4243677213899959,
      "support": 32466.0
    },
    "weighted avg": {
      "precision": 0.5037982038728387,
      "recall": 0.5017556828682314,
      "f1-score": 0.4243677213899959,
      "support": 32466.0
    }
  },
  "task_id": "task3",
  "model_size": "large",
  "method": "exhaustive_method",
  "ratio": null,
  "challenge_type": "single-sentence"
}