{
  "evaluation_summary": {
    "model": "gpt-2-small",
    "challenge": "sentence-pair",
    "method": "all",
    "ratio": "all",
    "total_tasks": 5,
    "tasks": [
      "task1",
      "task2",
      "task3",
      "task4",
      "task5"
    ],
    "sample_size": null,
    "device": "cuda",
    "evaluation_timestamp": "2025-09-26 17:04:42"
  },
  "task_results": {
    "sentence-pair_task1": {
      "accuracy": 0.43405408735292306,
      "precision": 0.4318629866929522,
      "recall": 0.4337334488305903,
      "f1_score": 0.43279619682657283,
      "auc_roc": 0.4294147948051494,
      "auc_pr": 0.45514877490587596,
      "tpr_at_1_fpr": 0.007177329538423463,
      "tpr_at_5_fpr": 0.04256898898651157,
      "tpr_at_10_fpr": 0.08179680732582602,
      "threshold": -0.0012986481593090238,
      "task_name": "sentence-pair_task1",
      "task_type": "sentence-pair",
      "task_file": "../../tasks/sentence-pair\\task1\\task1_paraphrase_source_without_context_sentence_pair.json",
      "num_samples": 16233,
      "model": "gpt-2-small",
      "device": "cuda",
      "evaluation_time": 1892.3207733631134,
      "avg_time_per_sample": 0.11657246185936755
    },
    "sentence-pair_task2": {
      "accuracy": 0.43417729316823755,
      "precision": 0.43198620009857075,
      "recall": 0.43385719589159755,
      "f1_score": 0.4329196764832993,
      "auc_roc": 0.4360888630195327,
      "auc_pr": 0.45739256241459814,
      "tpr_at_1_fpr": 0.0055686177453285485,
      "tpr_at_5_fpr": 0.04454894196262839,
      "tpr_at_10_fpr": 0.08550921915604505,
      "threshold": 0.0009351767308674042,
      "task_name": "sentence-pair_task2",
      "task_type": "sentence-pair",
      "task_file": "../../tasks/sentence-pair\\task2\\task2_general_text_authorship_detection_sentence_pair.json",
      "num_samples": 16233,
      "model": "gpt-2-small",
      "device": "cuda",
      "evaluation_time": 1945.754840373993,
      "avg_time_per_sample": 0.1198641557551896
    },
    "sentence-pair_task3": {
      "accuracy": 0.5232550976406086,
      "precision": 0.5210694923607688,
      "recall": 0.5233263209998763,
      "f1_score": 0.522195468296598,
      "auc_roc": 0.5286259497951251,
      "auc_pr": 0.5209233445383588,
      "tpr_at_1_fpr": 0.011260982551664397,
      "tpr_at_5_fpr": 0.06038856577156292,
      "tpr_at_10_fpr": 0.11607474322484841,
      "threshold": -0.003068934524691591,
      "task_name": "sentence-pair_task3",
      "task_type": "sentence-pair",
      "task_file": "../../tasks/sentence-pair\\task3\\task3_ai_text_laundering_detection_sentence_pair.json",
      "num_samples": 16233,
      "model": "gpt-2-small",
      "device": "cuda",
      "evaluation_time": 1861.0607552528381,
      "avg_time_per_sample": 0.11464675385035657
    },
    "sentence-pair_task4": {
      "accuracy": 0.50982566377133,
      "precision": 0.5076675735839723,
      "recall": 0.5079816854349709,
      "f1_score": 0.5078245809364755,
      "auc_roc": 0.5140896093272496,
      "auc_pr": 0.5123592564679671,
      "tpr_at_1_fpr": 0.016210864991956443,
      "tpr_at_5_fpr": 0.0571711421853731,
      "tpr_at_10_fpr": 0.11298106669966589,
      "threshold": 0.0,
      "task_name": "sentence-pair_task4",
      "task_type": "sentence-pair",
      "task_file": "../../tasks/sentence-pair\\task4\\task4_iterative_paraphrase_depth_detection_sentence_pair.json",
      "num_samples": 16233,
      "model": "gpt-2-small",
      "device": "cuda",
      "evaluation_time": 1851.820910692215,
      "avg_time_per_sample": 0.11407755255912123
    },
    "sentence-pair_task5": {
      "accuracy": 0.47729932852830653,
      "precision": 0.4751108920650567,
      "recall": 0.47716866724415297,
      "f1_score": 0.47613755633759336,
      "auc_roc": 0.4822132726555792,
      "auc_pr": 0.49207469845077273,
      "tpr_at_1_fpr": 0.011632223734686302,
      "tpr_at_5_fpr": 0.05370622447716867,
      "tpr_at_10_fpr": 0.10815493132038113,
      "threshold": -0.0003118972509587037,
      "task_name": "sentence-pair_task5",
      "task_type": "sentence-pair",
      "task_file": "../../tasks/sentence-pair\\task5\\task5_original_vs_deep_paraphrase_attack_sentence_pair.json",
      "num_samples": 16233,
      "model": "gpt-2-small",
      "device": "cuda",
      "evaluation_time": 1927.7322959899902,
      "avg_time_per_sample": 0.11875391461775335
    }
  },
  "average_metrics": {
    "accuracy": 0.47572229409228123,
    "precision": 0.4735394289602642,
    "recall": 0.4752134636802376,
    "f1_score": 0.4743746957761078,
    "auc_roc": 0.47808649792052715,
    "auc_pr": 0.4875797273555145,
    "tpr_at_1_fpr": 0.01037000371241183,
    "tpr_at_5_fpr": 0.05167677267664893,
    "tpr_at_10_fpr": 0.10090335354535332
  }
}