{
  "task_name": "task2: General Text Authorship Detection",
  "task_description": "General Text Authorship Detection",
  "task_file": "../../../tasks/single-sentence/sampling_method/30-70/task2/dynamic_task2_general_text_authorship_detection.json",
  "total_samples": 16233,
  "evaluation_time_seconds": 170.1660659313202,
  "samples_per_second": 95.39504783845513,
  "detector_threshold": 0.9015310749276843,
  "detector_mode": "accuracy",
  "label_distribution": {
    "human_count": 11364,
    "ai_count": 4869,
    "human_percentage": 70.00554426168915,
    "ai_percentage": 29.994455738310847
  },
  "accuracy": 0.6701780324031295,
  "precision_human": 0.7265530759951749,
  "precision_ai": 0.41832266756483666,
  "recall_human": 0.8480288630763816,
  "recall_ai": 0.25508317929759705,
  "f1_human": 0.7826051648530128,
  "f1_ai": 0.3169175810155652,
  "macro_precision": 0.5724378717800058,
  "macro_recall": 0.5515560211869893,
  "macro_f1": 0.549761372934289,
  "roc_auc": 0.574870151290094,
  "tpr_at_1_fpr": 0.0306017662764428,
  "tpr_at_5_fpr": 0.10946806325734237,
  "tpr_at_10_fpr": 0.18812897925652083,
  "confusion_matrix": [
    [
      9637,
      1727
    ],
    [
      3627,
      1242
    ]
  ],
  "classification_report": {
    "Human": {
      "precision": 0.7265530759951749,
      "recall": 0.8480288630763816,
      "f1-score": 0.7826051648530128,
      "support": 11364.0
    },
    "AI": {
      "precision": 0.41832266756483666,
      "recall": 0.25508317929759705,
      "f1-score": 0.3169175810155652,
      "support": 4869.0
    },
    "accuracy": 0.6701780324031295,
    "macro avg": {
      "precision": 0.5724378717800058,
      "recall": 0.5515560211869893,
      "f1-score": 0.549761372934289,
      "support": 16233.0
    },
    "weighted avg": {
      "precision": 0.6341010425665223,
      "recall": 0.6701780324031295,
      "f1-score": 0.6429247086400803,
      "support": 16233.0
    }
  },
  "task_id": "task2",
  "model_size": "large",
  "method": "sampling_method",
  "ratio": "30-70",
  "challenge_type": "single-sentence"
}