{
  "task_name": "task5: Original vs Deep Paraphrase Attack",
  "task_description": "Original vs Deep Paraphrase Attack",
  "task_file": "../../../tasks/single-sentence/sampling_method/30-70/task5/dynamic_task5_original_vs_deep_paraphrase_attack.json",
  "total_samples": 16233,
  "evaluation_time_seconds": 169.14364075660706,
  "samples_per_second": 95.97168375581339,
  "detector_threshold": 0.9015310749276843,
  "detector_mode": "accuracy",
  "label_distribution": {
    "human_count": 11364,
    "ai_count": 4869,
    "human_percentage": 70.00554426168915,
    "ai_percentage": 29.994455738310847
  },
  "accuracy": 0.6336475081623852,
  "precision_human": 0.6954325708925608,
  "precision_ai": 0.2729570345408593,
  "recall_human": 0.8481168602604716,
  "recall_ai": 0.133086876155268,
  "f1_human": 0.7642231296832256,
  "f1_ai": 0.1789313820240232,
  "macro_precision": 0.48419480271671006,
  "macro_recall": 0.49060186820786983,
  "macro_f1": 0.4715772558536244,
  "roc_auc": 0.4287908767613624,
  "tpr_at_1_fpr": 0.008009858287122612,
  "tpr_at_5_fpr": 0.04990757855822551,
  "tpr_at_10_fpr": 0.09036763195728076,
  "confusion_matrix": [
    [
      9638,
      1726
    ],
    [
      4221,
      648
    ]
  ],
  "classification_report": {
    "Human": {
      "precision": 0.6954325708925608,
      "recall": 0.8481168602604716,
      "f1-score": 0.7642231296832256,
      "support": 11364.0
    },
    "AI": {
      "precision": 0.2729570345408593,
      "recall": 0.133086876155268,
      "f1-score": 0.1789313820240232,
      "support": 4869.0
    },
    "accuracy": 0.6336475081623852,
    "macro avg": {
      "precision": 0.48419480271671006,
      "recall": 0.49060186820786983,
      "f1-score": 0.4715772558536244,
      "support": 16233.0
    },
    "weighted avg": {
      "precision": 0.5687133331363584,
      "recall": 0.6336475081623852,
      "f1-score": 0.5886680554916001,
      "support": 16233.0
    }
  },
  "task_id": "task5",
  "model_size": "large",
  "method": "sampling_method",
  "ratio": "30-70",
  "challenge_type": "single-sentence"
}