{
  "task_name": "task4: Iterative Paraphrase Depth Detection",
  "task_description": "Iterative Paraphrase Depth Detection",
  "task_file": "../../../tasks/single-sentence/sampling_method/30-70/task4/dynamic_task4_iterative_paraphrase_depth_detection.json",
  "total_samples": 16233,
  "evaluation_time_seconds": 155.13345313072205,
  "samples_per_second": 104.63893939317772,
  "detector_threshold": 0.9015310749276843,
  "detector_mode": "accuracy",
  "label_distribution": {
    "human_count": 11364,
    "ai_count": 4869,
    "human_percentage": 70.00554426168915,
    "ai_percentage": 29.994455738310847
  },
  "accuracy": 0.6441200024641163,
  "precision_human": 0.6990664861398133,
  "precision_ai": 0.29363636363636364,
  "recall_human": 0.8632523759239704,
  "recall_ai": 0.13267611419182584,
  "f1_human": 0.7725321888412017,
  "f1_ai": 0.18276984014712122,
  "macro_precision": 0.4963514248880885,
  "macro_recall": 0.49796424505789816,
  "macro_f1": 0.4776510144941615,
  "roc_auc": 0.4857853552588556,
  "tpr_at_1_fpr": 0.009858287122612447,
  "tpr_at_5_fpr": 0.051345245430273155,
  "tpr_at_10_fpr": 0.09755596631751899,
  "confusion_matrix": [
    [
      9810,
      1554
    ],
    [
      4223,
      646
    ]
  ],
  "classification_report": {
    "Human": {
      "precision": 0.6990664861398133,
      "recall": 0.8632523759239704,
      "f1-score": 0.7725321888412017,
      "support": 11364.0
    },
    "AI": {
      "precision": 0.29363636363636364,
      "recall": 0.13267611419182584,
      "f1-score": 0.18276984014712122,
      "support": 4869.0
    },
    "accuracy": 0.6441200024641163,
    "macro avg": {
      "precision": 0.4963514248880885,
      "recall": 0.49796424505789816,
      "f1-score": 0.4776510144941615,
      "support": 16233.0
    },
    "weighted avg": {
      "precision": 0.5774599274957366,
      "recall": 0.6441200024641163,
      "f1-score": 0.5956361822009332,
      "support": 16233.0
    }
  },
  "task_id": "task4",
  "model_size": "large",
  "method": "sampling_method",
  "ratio": "30-70",
  "challenge_type": "single-sentence"
}