{
  "task_name": "task1: Paraphrase Source Attribution without Context",
  "task_description": "Paraphrase Source Attribution without Context",
  "task_file": "../../../tasks/single-sentence/sampling_method/30-70/task1/dynamic_task1_paraphrase_source_without_context.json",
  "total_samples": 16233,
  "evaluation_time_seconds": 163.3612744808197,
  "samples_per_second": 99.3687154534652,
  "detector_threshold": 0.9015310749276843,
  "detector_mode": "accuracy",
  "label_distribution": {
    "human_count": 11364,
    "ai_count": 4869,
    "human_percentage": 70.00554426168915,
    "ai_percentage": 29.994455738310847
  },
  "accuracy": 0.6250231010903715,
  "precision_human": 0.6920445447266904,
  "precision_ai": 0.2558139534883721,
  "recall_human": 0.8366772263287575,
  "recall_ai": 0.13103306633805709,
  "f1_human": 0.7575190216308808,
  "f1_ai": 0.17329892706777128,
  "macro_precision": 0.47392924910753126,
  "macro_recall": 0.4838551463334073,
  "macro_f1": 0.46540897434932604,
  "roc_auc": 0.43728233393183713,
  "tpr_at_1_fpr": 0.010269049086054631,
  "tpr_at_5_fpr": 0.046416101868966934,
  "tpr_at_10_fpr": 0.08133086876155268,
  "confusion_matrix": [
    [
      9508,
      1856
    ],
    [
      4231,
      638
    ]
  ],
  "classification_report": {
    "Human": {
      "precision": 0.6920445447266904,
      "recall": 0.8366772263287575,
      "f1-score": 0.7575190216308808,
      "support": 11364.0
    },
    "AI": {
      "precision": 0.2558139534883721,
      "recall": 0.13103306633805709,
      "f1-score": 0.17329892706777128,
      "support": 4869.0
    },
    "accuracy": 0.6250231010903715,
    "macro avg": {
      "precision": 0.47392924910753126,
      "recall": 0.4838551463334073,
      "f1-score": 0.46540897434932604,
      "support": 16233.0
    },
    "weighted avg": {
      "precision": 0.5611995531207413,
      "recall": 0.6250231010903715,
      "f1-score": 0.5822853839528311,
      "support": 16233.0
    }
  },
  "task_id": "task1",
  "model_size": "large",
  "method": "sampling_method",
  "ratio": "30-70",
  "challenge_type": "single-sentence"
}