model,task,accuracy,precision,recall,f1,auroc,tpr_1_fpr,tpr_5_fpr,tpr_10_fpr,total_samples,errors,payment_errors
WizardLM-2-8x22B,task2_sampling_70_30,0.6216666666666667,0.5805587338512727,0.6216666666666667,0.5954266294149907,0.5005555555555555,0.010056497175141243,0.050282485875706225,0.10056497175141245,3000,0,0
