model,task,accuracy,precision,recall,f1,auroc,tpr_1_fpr,tpr_5_fpr,tpr_10_fpr,total_samples,errors,payment_errors
WizardLM-2-8x22B,task5_sampling_50_50,0.49866666666666665,0.49289261210719837,0.49866666666666665,0.37089520274129073,0.4986666666666667,0.009473684210526316,0.04736842105263158,0.048,3000,0,0
