model,task,accuracy,precision,recall,f1,auroc,tpr_1_fpr,tpr_5_fpr,tpr_10_fpr,total_samples,errors,payment_errors
WizardLM-2-8x22B,task3_sentence_pair,0.5083333333333333,0.5083992992281139,0.5083333333333333,0.5083567722805571,0.5082841699226173,0.01033916104279963,0.05169580521399815,0.1033916104279963,3000,0,0
