model,task,accuracy,precision,recall,f1,auroc,tpr_1_fpr,tpr_5_fpr,tpr_10_fpr,total_samples,errors,payment_errors
WizardLM-2-8x22B,task2_sentence_pair,0.5213333333333333,0.5205274145721928,0.5213333333333333,0.5203510307217907,0.5200236985796864,0.01076027480544747,0.05380137402723736,0.10760274805447471,3000,0,0
