model,task,accuracy,precision,recall,f1,auroc,tpr_1_fpr,tpr_5_fpr,tpr_10_fpr,total_samples,errors,payment_errors
WizardLM-2-8x22B,task2_sampling_20_80,0.29333333333333333,0.6532195968198306,0.29333333333333333,0.2818238462534006,0.4827083333333333,0.00828512396694215,0.04142561983471075,0.0828512396694215,3000,0,0
