model,task,accuracy,precision,recall,f1,auroc,tpr_1_fpr,tpr_5_fpr,tpr_10_fpr,total_samples,errors,payment_errors
WizardLM-2-8x22B,task1_sampling_50_50,0.5013333333333333,0.5014268429103029,0.5013333333333333,0.49302708916216625,0.5013333333333333,0.010071942446043166,0.05035971223021584,0.10071942446043168,3000,0,0
