model,task,accuracy,precision,recall,f1,auroc,tpr_1_fpr,tpr_5_fpr,tpr_10_fpr,total_samples,errors,payment_errors
WizardLM-2-8x22B,task3_sampling_50_50,0.5046666666666667,0.5303819444444445,0.5046666666666667,0.371723321495011,0.5046666666666667,0.012641509433962264,0.04466666666666667,0.04466666666666667,3000,0,0
