model,task,accuracy,precision,recall,f1,auroc,tpr_1_fpr,tpr_5_fpr,tpr_10_fpr,total_samples,errors,payment_errors
WizardLM-2-8x22B,task1_sampling_20_80,0.4026666666666667,0.6777018831411673,0.4026666666666667,0.44204120737490593,0.4972916666666667,0.009842995169082127,0.04921497584541064,0.09842995169082128,3000,0,0
