model,task,accuracy,precision,recall,f1,auroc,tpr_1_fpr,tpr_5_fpr,tpr_10_fpr,total_samples,errors,payment_errors
WizardLM-2-8x22B,task4_sampling_70_30,0.6826666666666666,0.5889824561403508,0.6826666666666666,0.5933737373737373,0.5031746031746033,0.01132013201320132,0.05444444444444444,0.05444444444444444,3000,0,0
