model,task,accuracy,precision,recall,f1,auroc,tpr_1_fpr,tpr_5_fpr,tpr_10_fpr,total_samples,errors,payment_errors
WizardLM-2-8x22B,task5_sentence_pair,0.5513333333333333,0.5513758547083598,0.5513333333333333,0.5512918534769945,0.551352872078155,0.012240446059026616,0.06120223029513308,0.12240446059026616,3000,0,0
