model,task,accuracy,precision,recall,f1,auroc,tpr_1_fpr,tpr_5_fpr,tpr_10_fpr,total_samples,errors,payment_errors
WizardLM-2-8x22B,task3_sampling_20_80,0.22566666666666665,0.6905177310375814,0.22566666666666665,0.1297956299884035,0.5016666666666667,0.010869565217391306,0.041666666666666664,0.041666666666666664,3000,0,0
