model,task,accuracy,precision,recall,f1,auroc,tpr_1_fpr,tpr_5_fpr,tpr_10_fpr,total_samples,errors,payment_errors
WizardLM-2-8x22B,task1_sentence_pair,0.5583333333333333,0.5654429200542005,0.5583333333333333,0.5448619965028973,0.5577606417849088,0.011881310663800406,0.059406553319002034,0.11881310663800407,3000,0,0
