model,task,accuracy,precision,recall,f1,auroc,tpr_1_fpr,tpr_5_fpr,tpr_10_fpr,total_samples,errors,payment_errors
WizardLM-2-8x22B,task3_sampling_70_30,0.6886666666666666,0.5849022187668201,0.6886666666666666,0.5869892043697825,0.5011111111111111,0.010740740740740742,0.03222222222222222,0.03222222222222222,3000,0,0
