model,task,accuracy,precision,recall,f1,auroc,tpr_1_fpr,tpr_5_fpr,tpr_10_fpr,total_samples,errors,payment_errors
WizardLM-2-8x22B,task5_sampling_20_80,0.22066666666666668,0.6189833804271868,0.22066666666666668,0.12797532958305846,0.4891666666666667,0.006578947368421052,0.03289473684210526,0.041666666666666664,3000,0,0
