model,task,accuracy,precision,recall,f1,auroc,tpr_1_fpr,tpr_5_fpr,tpr_10_fpr,total_samples,errors,payment_errors
WizardLM-2-8x22B,task4_sentence_pair,0.5096666666666667,0.50966241540251,0.5096666666666667,0.5096631253038715,0.509658735351007,0.010396363928183206,0.05198181964091602,0.10396363928183204,3000,0,0
