model,task,accuracy,precision,recall,f1,auroc,tpr_1_fpr,tpr_5_fpr,tpr_10_fpr,total_samples,errors,payment_errors
WizardLM-2-8x22B,task5_sampling_70_30,0.6876666666666666,0.5928309848541934,0.6876666666666666,0.5914794630196007,0.5035714285714287,0.011973684210526317,0.043333333333333335,0.043333333333333335,3000,0,0
