model,task,accuracy,precision,recall,f1,auroc,tpr_1_fpr,tpr_5_fpr,tpr_10_fpr,total_samples,errors,payment_errors
WizardLM-2-8x22B,task4_sampling_20_80,0.23833333333333334,0.719352252685586,0.23833333333333334,0.1542872221796607,0.5083333333333333,0.014000000000000002,0.058333333333333334,0.058333333333333334,3000,0,0
