model,task,accuracy,precision,recall,f1,auroc,tpr_1_fpr,tpr_5_fpr,tpr_10_fpr,total_samples,errors,payment_errors
WizardLM-2-8x22B,task4_sampling_50_50,0.5036666666666667,0.5213302307543145,0.5036666666666667,0.3740870351103964,0.5036666666666666,0.011774193548387097,0.048666666666666664,0.048666666666666664,3000,0,0
