{
  "task_name": "task3: AI Text Laundering Detection (Sentence-Pair)",
  "task_description": "AI Text Laundering Detection - Sentence Pair Detection",
  "task_file": "../../../tasks/sentence-pair/task3/temp_task3_ai_text_laundering_detection_sentence_pair.json",
  "total_samples": 16233,
  "evaluation_time_seconds": 528.1212615966797,
  "samples_per_second": 30.737258997909766,
  "detector_threshold": 0.9015310749276843,
  "detector_mode": "accuracy",
  "label_distribution": {
    "human_count": 8081,
    "ai_count": 8152,
    "human_percentage": 49.78130967781679,
    "ai_percentage": 50.2186903221832
  },
  "accuracy": 0.49676584734799484,
  "precision_human": 0.49712531033581603,
  "precision_ai": 0.49083063646170444,
  "recall_human": 0.9415913872045539,
  "recall_ai": 0.05581452404317959,
  "f1_human": 0.650703382220892,
  "f1_ai": 0.1002313030069391,
  "macro_precision": 0.49397797339876026,
  "macro_recall": 0.49870295562386674,
  "macro_f1": 0.3754673426139155,
  "roc_auc": 0.5048722748778043,
  "tpr_at_1_fpr": 0.008096172718351325,
  "tpr_at_5_fpr": 0.04612365063788027,
  "tpr_at_10_fpr": 0.09911678115799803,
  "confusion_matrix": [
    [
      7609,
      472
    ],
    [
      7697,
      455
    ]
  ],
  "classification_report": {
    "Human": {
      "precision": 0.49712531033581603,
      "recall": 0.9415913872045539,
      "f1-score": 0.650703382220892,
      "support": 8081.0
    },
    "AI": {
      "precision": 0.49083063646170444,
      "recall": 0.05581452404317959,
      "f1-score": 0.1002313030069391,
      "support": 8152.0
    },
    "accuracy": 0.49676584734799484,
    "macro avg": {
      "precision": 0.49397797339876026,
      "recall": 0.49870295562386674,
      "f1-score": 0.3754673426139155,
      "support": 16233.0
    },
    "weighted avg": {
      "precision": 0.4939642075561846,
      "recall": 0.49676584734799484,
      "f1-score": 0.3742635134503539,
      "support": 16233.0
    }
  },
  "task_id": "task3",
  "model_size": "large",
  "challenge_type": "sentence-pair"
}