{
  "task_name": "task1: Paraphrase Source Attribution without Context (Sentence-Pair)",
  "task_description": "Paraphrase Source Attribution without Context - Sentence Pair Detection",
  "task_file": "../../../tasks/sentence-pair/task1/temp_task1_paraphrase_source_without_context_sentence_pair.json",
  "total_samples": 16233,
  "evaluation_time_seconds": 486.3532497882843,
  "samples_per_second": 33.37697446674085,
  "detector_threshold": 0.9015310749276843,
  "detector_mode": "accuracy",
  "label_distribution": {
    "human_count": 8081,
    "ai_count": 8152,
    "human_percentage": 49.78130967781679,
    "ai_percentage": 50.2186903221832
  },
  "accuracy": 0.45703197190907413,
  "precision_human": 0.47396092362344583,
  "precision_ai": 0.34661723818350326,
  "recall_human": 0.8255166439797055,
  "recall_ai": 0.09175662414131501,
  "f1_human": 0.6021845098393211,
  "f1_ai": 0.14510184287099903,
  "macro_precision": 0.41028908090347455,
  "macro_recall": 0.45863663406051025,
  "macro_f1": 0.3736431763551601,
  "roc_auc": 0.39889339129974366,
  "tpr_at_1_fpr": 0.00331207065750736,
  "tpr_at_5_fpr": 0.022939156035328753,
  "tpr_at_10_fpr": 0.04980372914622178,
  "confusion_matrix": [
    [
      6671,
      1410
    ],
    [
      7404,
      748
    ]
  ],
  "classification_report": {
    "Human": {
      "precision": 0.47396092362344583,
      "recall": 0.8255166439797055,
      "f1-score": 0.6021845098393211,
      "support": 8081.0
    },
    "AI": {
      "precision": 0.34661723818350326,
      "recall": 0.09175662414131501,
      "f1-score": 0.14510184287099903,
      "support": 8152.0
    },
    "accuracy": 0.45703197190907413,
    "macro avg": {
      "precision": 0.41028908090347455,
      "recall": 0.45863663406051025,
      "f1-score": 0.3736431763551601,
      "support": 16233.0
    },
    "weighted avg": {
      "precision": 0.410010592587506,
      "recall": 0.45703197190907413,
      "f1-score": 0.3726435807981235,
      "support": 16233.0
    }
  },
  "task_id": "task1",
  "model_size": "large",
  "challenge_type": "sentence-pair"
}