Task,Samples,Accuracy,Precision,Recall,F1,ROC_AUC,PR_AUC,TPR@1%FPR,TPR@5%FPR,TPR@10%FPR
Task 1: Paraphrase Source Attribution without Context (Sentence Pair),16233,0.710897554364566,0.6807511737089202,0.7895062492265809,0.7311064000458374,0.727522261719812,0.6712248822097726,0.0044548941962628385,0.10512931567875264,0.2455434457821871
Task 2: General Text Authorship Detection (Sentence Pair),16233,0.8544323292059385,0.8082147477360931,0.9277317163717361,0.8638589618021547,0.9097987756205904,0.8931912933165403,0.14164831085261725,0.5657948564898054,0.8091172227907762
Task 3: AI Text Laundering Detection (Sentence Pair),16233,0.6723341341711329,0.6260036496350365,0.8490285855710927,0.720655427761147,0.7477862224588407,0.7348447336288747,0.05399084271748546,0.2338571958915976,0.3716696684785614
Task 4: Iterative Paraphrase Depth Detection (Sentence Pair),16233,0.5209141871496334,0.5118509278029003,0.8123994555129316,0.6280193236714976,0.5258935260370982,0.516199398331562,0.010023511941591387,0.055382687786165084,0.11245468591160314
Task 5: Original vs Deep Paraphrase Attack Detection (Sentence Pair),16233,0.8497505082239881,0.8032681143840035,0.9246380398465537,0.8596905022148076,0.9088375879329736,0.8893530228292091,0.14010642247246627,0.5424955503101194,0.8082151118217873
