{
  "task_name": "task4: Iterative Paraphrase Depth Detection",
  "task_description": "Iterative Paraphrase Depth Detection",
  "task_file": "../../../tasks/single-sentence/sampling_method/50-50/task4/dynamic_task4_iterative_paraphrase_depth_detection.json",
  "total_samples": 16233,
  "evaluation_time_seconds": 153.39973902702332,
  "samples_per_second": 105.82156203760132,
  "detector_threshold": 0.9015310749276843,
  "detector_mode": "accuracy",
  "label_distribution": {
    "human_count": 8117,
    "ai_count": 8116,
    "human_percentage": 50.00308014538286,
    "ai_percentage": 49.99691985461714
  },
  "accuracy": 0.49935316946959896,
  "precision_human": 0.499644128113879,
  "precision_ai": 0.49748053137883647,
  "recall_human": 0.8648515461377356,
  "recall_ai": 0.133809758501725,
  "f1_human": 0.633373934226553,
  "f1_ai": 0.21089426157879407,
  "macro_precision": 0.4985623297463577,
  "macro_recall": 0.4993306523197303,
  "macro_f1": 0.42213409790267353,
  "roc_auc": 0.48693770165057093,
  "tpr_at_1_fpr": 0.011582060128141941,
  "tpr_at_5_fpr": 0.05310497782158699,
  "tpr_at_10_fpr": 0.09906357811729916,
  "confusion_matrix": [
    [
      7020,
      1097
    ],
    [
      7030,
      1086
    ]
  ],
  "classification_report": {
    "Human": {
      "precision": 0.499644128113879,
      "recall": 0.8648515461377356,
      "f1-score": 0.633373934226553,
      "support": 8117.0
    },
    "AI": {
      "precision": 0.49748053137883647,
      "recall": 0.133809758501725,
      "f1-score": 0.21089426157879407,
      "support": 8116.0
    },
    "accuracy": 0.49935316946959896,
    "macro avg": {
      "precision": 0.4985623297463577,
      "recall": 0.4993306523197303,
      "f1-score": 0.42213409790267353,
      "support": 16233.0
    },
    "weighted avg": {
      "precision": 0.4985623963882826,
      "recall": 0.49935316946959896,
      "f1-score": 0.42214711089080414,
      "support": 16233.0
    }
  },
  "task_id": "task4",
  "model_size": "large",
  "method": "sampling_method",
  "ratio": "50-50",
  "challenge_type": "single-sentence"
}