{
  "task_name": "task5: Original vs Deep Paraphrase Attack",
  "task_description": "Original vs Deep Paraphrase Attack",
  "task_file": "../../../tasks/single-sentence/sampling_method/50-50/task5/dynamic_task5_original_vs_deep_paraphrase_attack.json",
  "total_samples": 16233,
  "evaluation_time_seconds": 166.02726435661316,
  "samples_per_second": 97.7730980685969,
  "detector_threshold": 0.9015310749276843,
  "detector_mode": "accuracy",
  "label_distribution": {
    "human_count": 8117,
    "ai_count": 8116,
    "human_percentage": 50.00308014538286,
    "ai_percentage": 49.99691985461714
  },
  "accuracy": 0.4924536438119879,
  "precision_human": 0.4956241032998565,
  "precision_ai": 0.4731792411687745,
  "recall_human": 0.85117654305778,
  "recall_ai": 0.13368654509610645,
  "f1_human": 0.6264677880038083,
  "f1_ai": 0.20847343644922664,
  "macro_precision": 0.4844016722343155,
  "macro_recall": 0.49243154407694323,
  "macro_f1": 0.4174706122265175,
  "roc_auc": 0.4339602938007491,
  "tpr_at_1_fpr": 0.00948743223262691,
  "tpr_at_5_fpr": 0.05113356333169049,
  "tpr_at_10_fpr": 0.09228684080827994,
  "confusion_matrix": [
    [
      6909,
      1208
    ],
    [
      7031,
      1085
    ]
  ],
  "classification_report": {
    "Human": {
      "precision": 0.4956241032998565,
      "recall": 0.85117654305778,
      "f1-score": 0.6264677880038083,
      "support": 8117.0
    },
    "AI": {
      "precision": 0.4731792411687745,
      "recall": 0.13368654509610645,
      "f1-score": 0.20847343644922664,
      "support": 8116.0
    },
    "accuracy": 0.4924536438119879,
    "macro avg": {
      "precision": 0.4844016722343155,
      "recall": 0.49243154407694323,
      "f1-score": 0.4174706122265175,
      "support": 16233.0
    },
    "weighted avg": {
      "precision": 0.48440236356870015,
      "recall": 0.4924536438119879,
      "f1-score": 0.4174834870602375,
      "support": 16233.0
    }
  },
  "task_id": "task5",
  "model_size": "large",
  "method": "sampling_method",
  "ratio": "50-50",
  "challenge_type": "single-sentence"
}