{
  "task_name": "task1: Paraphrase Source Attribution without Context",
  "task_description": "Paraphrase Source Attribution without Context",
  "task_file": "../../../tasks/single-sentence/sampling_method/50-50/task1/dynamic_task1_paraphrase_source_without_context.json",
  "total_samples": 16233,
  "evaluation_time_seconds": 163.42473649978638,
  "samples_per_second": 99.33012803126789,
  "detector_threshold": 0.9015310749276843,
  "detector_mode": "accuracy",
  "label_distribution": {
    "human_count": 8117,
    "ai_count": 8116,
    "human_percentage": 50.00308014538286,
    "ai_percentage": 49.99691985461714
  },
  "accuracy": 0.4854309123390624,
  "precision_human": 0.49146412037037035,
  "precision_ai": 0.45080946450809467,
  "recall_human": 0.8370087470740422,
  "recall_ai": 0.133809758501725,
  "f1_human": 0.6192972061437492,
  "f1_ai": 0.20636579572446556,
  "macro_precision": 0.4711367924392325,
  "macro_recall": 0.4854092527878836,
  "macro_f1": 0.41283150093410736,
  "roc_auc": 0.4428745795306481,
  "tpr_at_1_fpr": 0.010965993100049285,
  "tpr_at_5_fpr": 0.04719073435189749,
  "tpr_at_10_fpr": 0.08366190241498275,
  "confusion_matrix": [
    [
      6794,
      1323
    ],
    [
      7030,
      1086
    ]
  ],
  "classification_report": {
    "Human": {
      "precision": 0.49146412037037035,
      "recall": 0.8370087470740422,
      "f1-score": 0.6192972061437492,
      "support": 8117.0
    },
    "AI": {
      "precision": 0.45080946450809467,
      "recall": 0.133809758501725,
      "f1-score": 0.20636579572446556,
      "support": 8116.0
    },
    "accuracy": 0.4854309123390624,
    "macro avg": {
      "precision": 0.4711367924392325,
      "recall": 0.4854092527878836,
      "f1-score": 0.41283150093410736,
      "support": 16233.0
    },
    "weighted avg": {
      "precision": 0.471138044661738,
      "recall": 0.4854309123390624,
      "f1-score": 0.4128442198218798,
      "support": 16233.0
    }
  },
  "task_id": "task1",
  "model_size": "large",
  "method": "sampling_method",
  "ratio": "50-50",
  "challenge_type": "single-sentence"
}