model,task,accuracy,precision,recall,f1,auroc,tpr_1_fpr,tpr_5_fpr,tpr_10_fpr,total_samples,errors,payment_errors
Claude-3.5-Haiku,task3_sampling_50_50,0.5186666666666667,0.5970209934949733,0.5186666666666667,0.3969006372916996,0.5186666666666666,0.021666666666666667,0.06933333333333333,0.06933333333333333,3000,0,0
