model,task,accuracy,precision,recall,f1,auroc,tpr_1_fpr,tpr_5_fpr,tpr_10_fpr,total_samples,errors,payment_errors
Claude-3.5-Haiku,task1_sentence_pair,0.6236666666666667,0.62580294456005,0.6236666666666667,0.6218494754278541,0.6234369270769675,0.015541687867269265,0.07770843933634633,0.15541687867269266,3000,0,0
