model,task,accuracy,precision,recall,f1,auroc,tpr_1_fpr,tpr_5_fpr,tpr_10_fpr,total_samples,errors,payment_errors
Claude-3.5-Haiku,task2_sampling_50_50,0.5353333333333333,0.579851345922057,0.5353333333333333,0.4600805618673827,0.5353333333333333,0.017737226277372266,0.08868613138686132,0.162,3000,0,0
