model,task,accuracy,precision,recall,f1,auroc,tpr_1_fpr,tpr_5_fpr,tpr_10_fpr,total_samples,errors,payment_errors
Claude-3.5-Haiku,task3_sampling_70_30,0.7043333333333334,0.6631266940918845,0.7043333333333334,0.6160416002988681,0.5253174603174603,0.028654970760233923,0.07777777777777778,0.07777777777777778,3000,0,0
