model,task,accuracy,precision,recall,f1,auroc,tpr_1_fpr,tpr_5_fpr,tpr_10_fpr,total_samples,errors,payment_errors
Claude-3.5-Haiku,task3_sentence_pair,0.47833333333333333,0.4709022336410209,0.47833333333333333,0.4567096553556683,0.47527107484381875,0.008478296847965094,0.04239148423982547,0.08478296847965094,3000,0,0
