model,task,accuracy,precision,recall,f1,auroc,tpr_1_fpr,tpr_5_fpr,tpr_10_fpr,total_samples,errors,payment_errors
Claude-3.5-Haiku,task1_sampling_70_30,0.6413333333333333,0.5973989269975091,0.6413333333333333,0.6111338370879836,0.5165079365079365,0.011925925925925927,0.05962962962962964,0.11925925925925927,3000,0,0
