model,task,accuracy,precision,recall,f1,auroc,tpr_1_fpr,tpr_5_fpr,tpr_10_fpr,total_samples,errors,payment_errors
Claude-3.5-Haiku,task3_sampling_20_80,0.24666666666666667,0.7630988115284184,0.24666666666666667,0.16565901504605532,0.5185416666666667,0.02308823529411765,0.06541666666666666,0.06541666666666666,3000,0,0
