model,task,accuracy,precision,recall,f1,auroc,tpr_1_fpr,tpr_5_fpr,tpr_10_fpr,total_samples,errors,payment_errors
Claude-3.5-Haiku,task4_sentence_pair,0.5066666666666667,0.5068927650902116,0.5066666666666667,0.5052604821214342,0.5068089373079987,0.010249164031903405,0.05124582015951703,0.10249164031903406,3000,0,0
