model,task,accuracy,precision,recall,f1,auroc,tpr_1_fpr,tpr_5_fpr,tpr_10_fpr,total_samples,errors,payment_errors
Claude-3.5-Haiku,task2_sentence_pair,0.36233333333333334,0.3555552822705817,0.36233333333333334,0.35147952461980186,0.365877514638143,0.004714849090335472,0.02357424545167736,0.04714849090335472,3000,0,0
