model,task,accuracy,precision,recall,f1,auroc,tpr_1_fpr,tpr_5_fpr,tpr_10_fpr,total_samples,errors,payment_errors
Claude-3.5-Haiku,task4_sampling_70_30,0.6706666666666666,0.5887272727272727,0.6706666666666666,0.5996629314208876,0.5047619047619047,0.011183431952662722,0.055917159763313615,0.09,3000,0,0
