model,task,accuracy,precision,recall,f1,auroc,tpr_1_fpr,tpr_5_fpr,tpr_10_fpr,total_samples,errors,payment_errors
DeepSeek-V2.5,task4_sampling_50_50,0.5013333333333333,0.5022518532752455,0.5013333333333333,0.44470812285115163,0.5013333333333333,0.010148698884758363,0.05074349442379182,0.10148698884758364,3000,0,0
