model,task,accuracy,precision,recall,f1,auroc,tpr_1_fpr,tpr_5_fpr,tpr_10_fpr,total_samples,errors,payment_errors
DeepSeek-V2.5,task4_sampling_20_80,0.31666666666666665,0.6712705502548397,0.31666666666666665,0.31721211948821243,0.49354166666666666,0.00938976377952756,0.046948818897637794,0.09389763779527559,3000,0,0
