model,task,accuracy,precision,recall,f1,auroc,tpr_1_fpr,tpr_5_fpr,tpr_10_fpr,total_samples,errors,payment_errors
DeepSeek-V2.5,task3_sentence_pair,0.522,0.5224953107614052,0.522,0.5022555086122846,0.5189531227564169,0.011342586323628976,0.05671293161814489,0.11342586323628978,3000,0,0
