model,task,accuracy,precision,recall,f1,auroc,tpr_1_fpr,tpr_5_fpr,tpr_10_fpr,total_samples,errors,payment_errors
DeepSeek-V2.5,task5_sampling_50_50,0.5106666666666667,0.515608091234496,0.5106666666666667,0.4686078007023451,0.5106666666666667,0.011025641025641027,0.055128205128205134,0.11025641025641027,3000,0,0
