model,task,accuracy,precision,recall,f1,auroc,tpr_1_fpr,tpr_5_fpr,tpr_10_fpr,total_samples,errors,payment_errors
DeepSeek-V2.5,task1_sampling_20_80,0.47433333333333333,0.6571950528386172,0.47433333333333333,0.5261385397555609,0.46458333333333335,0.008716012084592146,0.04358006042296073,0.08716012084592147,3000,0,0
