model,task,accuracy,precision,recall,f1,auroc,tpr_1_fpr,tpr_5_fpr,tpr_10_fpr,total_samples,errors,payment_errors
DeepSeek-V2.5,task3_sampling_50_50,0.5313333333333333,0.5498372689459382,0.5313333333333333,0.4833797205596254,0.5313333333333332,0.013821138211382113,0.06910569105691057,0.13821138211382114,3000,0,0
