model,task,accuracy,precision,recall,f1,auroc,tpr_1_fpr,tpr_5_fpr,tpr_10_fpr,total_samples,errors,payment_errors
DeepSeek-V2.5,task5_sampling_70_30,0.6533333333333333,0.6132467532467533,0.6533333333333333,0.6248275862068966,0.5317460317460319,0.013864734299516908,0.06932367149758455,0.1386473429951691,3000,0,0
