model,task,accuracy,precision,recall,f1,auroc,tpr_1_fpr,tpr_5_fpr,tpr_10_fpr,total_samples,errors,payment_errors
DeepSeek-V2.5,task4_sentence_pair,0.5143333333333333,0.5152743023997206,0.5143333333333333,0.5034033481167046,0.513937876891569,0.010825297907280308,0.05412648953640155,0.1082529790728031,3000,0,0
