model,task,accuracy,precision,recall,f1,auroc,tpr_1_fpr,tpr_5_fpr,tpr_10_fpr,total_samples,errors,payment_errors
DeepSeek-V2.5,task4_sampling_70_30,0.6223333333333333,0.5835466450421851,0.6223333333333333,0.5977123344875627,0.5035714285714286,0.01035799522673031,0.05178997613365156,0.10357995226730311,3000,0,0
