model,task,accuracy,precision,recall,f1,auroc,tpr_1_fpr,tpr_5_fpr,tpr_10_fpr,total_samples,errors,payment_errors
DeepSeek-V2.5,task1_sampling_50_50,0.48033333333333333,0.480333254666352,0.48033333333333333,0.48033281366614694,0.4803333333333333,0.009241645244215939,0.04620822622107969,0.09241645244215937,3000,0,0
