model,task,accuracy,precision,recall,f1,auroc,tpr_1_fpr,tpr_5_fpr,tpr_10_fpr,total_samples,errors,payment_errors
DeepSeek-V2.5,task1_sentence_pair,0.5733333333333334,0.6129396094235452,0.5733333333333334,0.5309869810655465,0.5723330259225102,0.011987828561657221,0.05993914280828611,0.11987828561657222,3000,0,0
