model,task,accuracy,precision,recall,f1,auroc,tpr_1_fpr,tpr_5_fpr,tpr_10_fpr,total_samples,errors,payment_errors
DeepSeek-V2.5,task2_sampling_20_80,0.6503333333333333,0.6725508967142537,0.6503333333333333,0.6608292230673011,0.4877083333333334,0.009686170212765959,0.0484308510638298,0.0968617021276596,3000,0,0
