model,task,accuracy,precision,recall,f1,auroc,tpr_1_fpr,tpr_5_fpr,tpr_10_fpr,total_samples,errors,payment_errors
DeepSeek-V2.5,task3_sampling_20_80,0.32566666666666666,0.7124880305066834,0.32566666666666666,0.3197276418233035,0.5222916666666666,0.012972222222222222,0.06486111111111112,0.12972222222222224,3000,0,0
