model,task,accuracy,precision,recall,f1,auroc,tpr_1_fpr,tpr_5_fpr,tpr_10_fpr,total_samples,errors,payment_errors
DeepSeek-V2.5,task2_sentence_pair,0.4603333333333333,0.45798398143409136,0.4603333333333333,0.4316722468600143,0.466625834654369,0.007837354085603114,0.03918677042801556,0.07837354085603113,3000,0,0
