model,task,accuracy,precision,recall,f1,auroc,tpr_1_fpr,tpr_5_fpr,tpr_10_fpr,total_samples,errors,payment_errors
DeepSeek-V2.5,task5_sampling_20_80,0.36766666666666664,0.7102393784721011,0.36766666666666664,0.3852055858403049,0.5272916666666666,0.012641129032258063,0.06320564516129032,0.12641129032258064,3000,0,0
