model,task,accuracy,precision,recall,f1,auroc,tpr_1_fpr,tpr_5_fpr,tpr_10_fpr,total_samples,errors,payment_errors
DeepSeek-V2.5,task1_sampling_70_30,0.4633333333333333,0.5731950995807128,0.4633333333333333,0.48198703261346465,0.4925396825396825,0.009742958709324585,0.04871479354662293,0.09742958709324585,3000,0,0
