model,task,accuracy,precision,recall,f1,auroc,tpr_1_fpr,tpr_5_fpr,tpr_10_fpr,total_samples,errors,payment_errors
Gemma-3-27B,task4_sampling_20_80,0.312,0.6923179966647531,0.312,0.30258084913097943,0.5081249999999999,0.010984848484848484,0.054924242424242424,0.10984848484848485,3000,0,0
