model,task,accuracy,precision,recall,f1,auroc,tpr_1_fpr,tpr_5_fpr,tpr_10_fpr,total_samples,errors,payment_errors
Gemma-3-27B,task3_sentence_pair,0.47533333333333333,0.46603297764386076,0.47533333333333333,0.41486463142884955,0.4802711393034184,0.009531247194369832,0.04765623597184916,0.09531247194369832,3000,0,0
