model,task,accuracy,precision,recall,f1,auroc,tpr_1_fpr,tpr_5_fpr,tpr_10_fpr,total_samples,errors,payment_errors
Gemma-3-27B,task5_sampling_20_80,0.33266666666666667,0.6363883847549909,0.33266666666666667,0.3560775862838534,0.4585416666666667,0.007500000000000001,0.037500000000000006,0.07500000000000001,3000,0,0
