model,task,accuracy,precision,recall,f1,auroc,tpr_1_fpr,tpr_5_fpr,tpr_10_fpr,total_samples,errors,payment_errors
Gemma-3-27B,task4_sampling_50_50,0.5033333333333333,0.5058514024641426,0.5033333333333333,0.44345835723847776,0.5033333333333334,0.010395256916996049,0.05197628458498024,0.10395256916996048,3000,0,0
