model,task,accuracy,precision,recall,f1,auroc,tpr_1_fpr,tpr_5_fpr,tpr_10_fpr,total_samples,errors,payment_errors
Gemma-3-27B,task4_sentence_pair,0.5013333333333333,0.501989417989418,0.5013333333333333,0.48755756832038016,0.5017706792581635,0.010053475935828877,0.05026737967914439,0.10053475935828877,3000,0,0
