model,task,accuracy,precision,recall,f1,auroc,tpr_1_fpr,tpr_5_fpr,tpr_10_fpr,total_samples,errors,payment_errors
Gemma-3-27B,task4_sampling_70_30,0.6206666666666667,0.5725194805194805,0.6206666666666667,0.5894748010610079,0.4928571428571429,0.009238578680203046,0.046192893401015234,0.09238578680203047,3000,0,0
