model,task,accuracy,precision,recall,f1,auroc,tpr_1_fpr,tpr_5_fpr,tpr_10_fpr,total_samples,errors,payment_errors
Gemma-3-27B,task1_sampling_50_50,0.46066666666666667,0.45735506987986174,0.46066666666666667,0.44998887286924505,0.4606666666666667,0.008033333333333333,0.04016666666666667,0.08033333333333334,3000,0,0
