model,task,accuracy,precision,recall,f1,auroc,tpr_1_fpr,tpr_5_fpr,tpr_10_fpr,total_samples,errors,payment_errors
Gemma-3-27B,task3_sampling_70_30,0.6473333333333333,0.597243941338935,0.6473333333333333,0.6112622725095787,0.5153968253968254,0.01198974358974359,0.05994871794871795,0.1198974358974359,3000,0,0
