model,task,accuracy,precision,recall,f1,auroc,tpr_1_fpr,tpr_5_fpr,tpr_10_fpr,total_samples,errors,payment_errors
Gemma-3-27B,task2_sampling_70_30,0.428,0.5292021745916325,0.428,0.44918608777787805,0.4431746031746032,0.008089137977048307,0.04044568988524153,0.08089137977048307,3000,0,0
