model,task,accuracy,precision,recall,f1,auroc,tpr_1_fpr,tpr_5_fpr,tpr_10_fpr,total_samples,errors,payment_errors
Gemma-3-27B,task1_sampling_20_80,0.35033333333333333,0.6135938519502591,0.35033333333333333,0.39125648255092993,0.42333333333333334,0.00663003663003663,0.03315018315018315,0.0663003663003663,3000,0,0
