model,task,accuracy,precision,recall,f1,auroc,tpr_1_fpr,tpr_5_fpr,tpr_10_fpr,total_samples,errors,payment_errors
Gemma-3-27B,task2_sampling_50_50,0.465,0.46485904572786396,0.465,0.46446297537252634,0.46499999999999997,0.00876470588235294,0.043823529411764706,0.08764705882352941,3000,0,0
