model,task,accuracy,precision,recall,f1,auroc,tpr_1_fpr,tpr_5_fpr,tpr_10_fpr,total_samples,errors,payment_errors
Gemma-3-27B,task2_sentence_pair,0.5126666666666667,0.5082112033017797,0.5126666666666667,0.48569181073565854,0.5062689148292262,0.010173600718347801,0.05086800359173901,0.10173600718347801,3000,0,0
