model,task,accuracy,precision,recall,f1,auroc,tpr_1_fpr,tpr_5_fpr,tpr_10_fpr,total_samples,errors,payment_errors
Gemma-3-27B,task5_sentence_pair,0.5153333333333333,0.5234221013746412,0.5153333333333333,0.47316386449329834,0.515899396930921,0.010414515066559833,0.05207257533279917,0.10414515066559835,3000,0,0
