model,task,accuracy,precision,recall,f1,auroc,tpr_1_fpr,tpr_5_fpr,tpr_10_fpr,total_samples,errors,payment_errors
Gemma-3-27B,task5_sampling_50_50,0.4776666666666667,0.4721211092303262,0.4776666666666667,0.4503322385579131,0.47766666666666663,0.008507795100222718,0.04253897550111358,0.08507795100222716,3000,0,0
