model,task,accuracy,precision,recall,f1,auroc,tpr_1_fpr,tpr_5_fpr,tpr_10_fpr,total_samples,errors,payment_errors
Gemma-3-27B,task5_sampling_70_30,0.5783333333333334,0.5657104380827512,0.5783333333333334,0.5715781626300452,0.48357142857142854,0.008824531516183986,0.04412265758091994,0.08824531516183988,3000,0,0
