model,task,accuracy,precision,recall,f1,auroc,tpr_1_fpr,tpr_5_fpr,tpr_10_fpr,total_samples,errors,payment_errors
Gemma-3-27B,task1_sentence_pair,0.5223333333333333,0.5357510917640672,0.5223333333333333,0.4682819551275582,0.5212713474594163,0.010533568195500458,0.05266784097750229,0.10533568195500458,3000,0,0
