model,task,accuracy,precision,recall,f1,auroc,tpr_1_fpr,tpr_5_fpr,tpr_10_fpr,total_samples,errors,payment_errors
Gemma-3-27B,task1_sampling_70_30,0.5046666666666667,0.5502023711582535,0.5046666666666667,0.52197605406171,0.46301587301587305,0.00829116244957829,0.04145581224789145,0.0829116244957829,3000,0,0
